{"cameraMode":{"drawMode":0,"name":"Shaded","section":"Shading Mode"},"sceneLighting":true,"audioPlay":false,"sceneViewState":{"showFog":true,"showMaterialUpdate":false,"showSkybox":true,"showFlares":true,"showImageEffects":true,"showParticleSystems":true},"in2DMode":false,"pivot":{"x":129.60690307617188,"y":-109.50592041015625,"z":126.14781188964844},"rotation":{"x":0.2699143886566162,"y":0.37172406911849978,"z":-0.11389778554439545,"w":0.8809056878089905},"size":308.62646484375,"orthographic":false}