{"cameraMode":{"drawMode":0,"name":"Shaded","section":"Shading Mode"},"sceneLighting":true,"audioPlay":false,"sceneViewState":{"showFog":true,"showMaterialUpdate":false,"showSkybox":true,"showFlares":true,"showImageEffects":true,"showParticleSystems":true},"in2DMode":false,"pivot":{"x":73.3216323852539,"y":-112.62913513183594,"z":95.14336395263672},"rotation":{"x":0.3442574143409729,"y":0.39253416657447817,"z":-0.16135941445827485,"w":0.8374765515327454},"size":213.88282775878907,"orthographic":false}