{"cameraMode":{"drawMode":0,"name":"Shaded","section":"Shading Mode"},"sceneLighting":true,"audioPlay":false,"sceneViewState":{"showFog":true,"showMaterialUpdate":false,"showSkybox":true,"showFlares":true,"showImageEffects":true,"showParticleSystems":true},"in2DMode":false,"pivot":{"x":-3.1519417762756349,"y":-18.966018676757814,"z":0.0933036208152771},"rotation":{"x":-0.7054101228713989,"y":0.0002027630398515612,"z":-0.00020169968775007874,"w":-0.7087993621826172},"size":117.21009063720703,"orthographic":false}